Year,Month,Rainfall,Lag1Rainfall,Lag2Rainfall,RH,MaxT,MinT,AvgT,Lag1AvgT,Lag2AvgT,DC,DD,DC1,GF,GFlog,Gfexp,RY,,,,,DCY,DDY,,,
2000,1,13,,,,,,18.74677419,,,0,0,1,1,0,1,2104,22865.2,21174,1691.2,,5551,93,24379,233,0.009557406
2000,2,44,13,,,,,20.7862069,0,,0,0,1,1,0,1,,,,,,,,,,
2000,3,172,44,13,,,,25.50443548,0,0,0,0,1,1,0,1,,,,,,,,,,
2000,4,189,172,44,,,,27.90625,0,0,0,0,1,1,0,1,,,,,,,,,,
2000,5,471,189,172,,,,27.96209677,0,0,0,0,1,1,0,1,,,,,,,,,,
2000,6,165,471,189,,,,29.14333333,0,0,0,0,1,566,2.752816431,15.68675038,,,,,,,,,,
2000,7,197,165,471,,,,28.97540323,0,0,565,15,566,4.04770318,0.607208658,1.835301289,,,,,,,,,,
2000,8,359,197,165,,,,29.10443548,0,0,2290,33,2291,0.415539066,-0.381388141,0.682912772,,,,,,,,,,
2000,9,216,359,197,,,,28.60416667,0,0,951,18,952,0.878151261,-0.056430671,0.945132007,,,,,,,,,,
2000,10,278,216,359,,,,27.50080645,0,0,835,14,836,0.86722488,-0.061868271,0.940006705,,,,,,,,,,
2000,11,0,278,216,,,,24.48375,0,0,724,11,725,0.257931034,-0.5884964,0.555161398,,,,,,,,,,
2000,12,0,0,278,,,,20.13387097,0,0,186,2,187,0.005347594,-2.271841607,0.103122095,,,,,,,,,,
2001,1,0,0,0,,,,18.38104839,0,0,0,0,1,1,0,1,1679,,,,,2430,44,,,
2001,2,1,0,0,,,,22.60892857,0,0,0,0,1,1,0,1,,,,,,,,,,
2001,3,33,1,0,,,,26.61048387,0,0,0,0,1,1,0,1,,,,,,,,,,
2001,4,46,33,1,,,,29.05375,0,0,0,0,1,6,0.77815125,2.177442994,,,,,,,,,,
2001,5,402,46,33,,,,27.68185484,0,0,5,0,6,4.166666667,0.619788758,1.8585354,,,,,,,,,,
2001,6,386,402,46,,,,28.01666667,0,0,24,1,25,6.12,0.786751422,2.196250135,,,,,,,,,,
2001,7,202,386,402,,,,28.82217742,0,0,152,0,153,2.032679739,0.308068958,1.360794823,,,,,,,,,,
2001,8,205,202,386,,,,29.46048387,0,0,310,6,311,2.109324759,0.32414345,1.382845662,,,,,,,,,,
2001,9,209,205,202,,,,28.69166667,0,0,655,11,656,0.932926829,-0.030152417,0.970297632,,,,,,,,,,
2001,10,177,209,205,,,,27.62096774,0,0,611,7,612,0.841503268,-0.074944193,0.927795262,,,,,,,,,,
2001,11,18,177,209,,,,24.51041667,0,0,514,14,515,0.310679612,-0.507687246,0.601885985,,,,,,,,,,
2001,12,0,18,177,,,,19.83467742,0,0,159,5,160,0.00625,-2.204119983,0.11034759,,,,,,,,,,
2002,1,22,0,18,,,,19.70564516,0,0,0,0,1,1,0,1,1795,,,,,6232,58,,,
2002,2,4,22,0,,,,22.55401786,0,0,0,0,1,1,0,1,,,,,,,,,,
2002,3,51,4,22,,,,26.24758065,0,0,0,0,1,1,0,1,,,,,,,,,,
2002,4,111,51,4,,,,27.55041667,0,0,0,0,1,1,0,1,,,,,,,,,,
2002,5,272,111,51,,,,27.83669355,0,0,0,0,1,1,0,1,,,,,,,,,,
2002,6,373,272,111,,,,28.31708333,0,0,0,0,1,567,2.753583059,15.69878089,,,,,,,,,,
2002,7,446,373,272,,,,28.51733871,0,0,566,12,567,5.788359788,0.762555518,2.143747612,,,,,,,,,,
2002,8,272,446,373,,,,28.60846774,0,0,3281,28,3282,0.522242535,-0.282127759,0.754177325,,,,,,,,,,
2002,9,156,272,446,,,,28.91291667,0,0,1713,10,1714,0.31621937,-0.500011531,0.606523666,,,,,,,,,,
2002,10,52,156,272,,,,27.36451613,0,0,541,7,542,0.225092251,-0.647639456,0.523279544,,,,,,,,,,
2002,11,36,52,156,,,,24.00625,0,0,121,1,122,0.090163934,-1.044967146,0.351703374,,,,,,,,,,
2002,12,0,36,52,,,,20.27983871,0,0,10,0,11,0.090909091,-1.041392685,0.352962774,,,,,,,,,,
2003,1,0,0,36,75.41129032,21.8,11.7,16.75,0,0,0,0,1,1,0,1,1674.3,,,,,486,10,,,
2003,2,23.4,0,0,65.67410714,28,16.9,22.45,16.75,0,0,0,1,1,0,1,,,,,,,,,,
2003,3,106.8,23.4,0,65.43145161,30,19.4,24.7,22.45,16.75,0,0,1,3,0.477121255,1.611428826,,,,,,,,,,
2003,4,101.6,106.8,23.4,70.87916667,34,24.1,29.05,24.7,22.45,2,0,3,0.666666667,-0.176091259,0.838541455,,,,,,,,,,
2003,5,140.9,101.6,106.8,73.33467742,34,24.4,29.2,29.05,24.7,1,0,2,0.5,-0.301029996,0.740055574,,,,,,,,,,
2003,6,493.8,140.9,101.6,82.3,31.4,25.8,28.6,29.2,29.05,0,0,1,5,0.698970004,2.011679618,,,,,,,,,,
2003,7,169.5,493.8,140.9,79.50403226,32.4,26.4,29.4,28.6,29.2,4,0,5,1,0,1,,,,,,,,,,
2003,8,195.5,169.5,493.8,79.34274194,32.5,26.6,29.55,29.4,28.6,4,0,5,0.8,-0.096910013,0.907637678,,,,,,,,,,
2003,9,264.5,195.5,169.5,83.16666667,31.7,24.9,28.3,29.55,29.4,3,0,4,0.25,-0.602059991,0.547682253,,,,,,,,,,
2003,10,133.6,264.5,195.5,80.75,31.2,25,28.1,28.3,29.55,0,0,1,373,2.571708832,13.08817083,,,,,,,,,,
2003,11,0,133.6,264.5,67.375,29.8,19.4,24.6,28.1,28.3,372,8,373,0.27077748,-0.567387458,0.567004829,,,,,,,,,,
2003,12,44.7,0,133.6,72.61290323,25.9,16.4,21.15,24.6,28.1,100,2,101,0.00990099,-2.004321374,0.134751711,,,,,,,,,,
2004,1,0,44.7,0,73.51209677,23.5,14,18.75,21.15,24.6,0,0,1,1,0,1,2343.4,,,,,3934,13,,,
2004,2,0,0,44.7,61.00862069,28.3,16,22.15,18.75,21.15,0,0,1,2,0.301029996,1.351249873,,,,,,,,,,
2004,3,7.6,0,0,63.24596774,32.8,22.4,27.6,22.15,18.75,1,0,2,0.5,-0.301029996,0.740055574,,,,,,,,,,
2004,4,166.9,7.6,0,72.93333333,32.6,23.9,28.25,27.6,22.15,0,0,1,2,0.301029996,1.351249873,,,,,,,,,,
2004,5,161.4,166.9,7.6,68.01612903,35.1,26.3,30.7,28.25,27.6,1,0,2,72,1.857332496,6.406624262,,,,,,,,,,
2004,6,476.7,161.4,166.9,81.55,32.2,25,28.6,30.7,28.25,143,0,144,8.402777778,0.924422878,2.520413255,,,,,,,,,,
2004,7,296.8,476.7,161.4,82.31451613,31.5,25.4,28.45,28.6,30.7,1209,4,1210,1.042975207,0.018273985,1.018441976,,,,,,,,,,
2004,8,189.2,296.8,476.7,79.03225806,32.3,26.5,29.4,28.45,28.6,1261,1,1262,0.40570523,-0.391789394,0.675846436,,,,,,,,,,
2004,9,831,189.2,296.8,85.9625,30.4,25.5,27.95,29.4,28.45,511,4,512,0.708984375,-0.149363336,0.861256133,,,,,,,,,,
2004,10,213.8,831,189.2,75.31048387,31,23.3,27.15,27.95,29.4,362,3,363,1.090909091,0.037788561,1.038511628,,,,,,,,,,
2004,11,0,213.8,831,69.525,29.5,18.6,24.05,27.15,27.95,395,1,396,0.131313131,-0.881691842,0.414081758,,,,,,,,,,
2004,12,0,0,213.8,70.50403226,27,16.2,21.6,24.05,27.15,51,0,52,0.038461538,-1.414973348,0.242932088,,,,,,,,,,
2005,1,3.4,0,0,68.75403226,24.5,14.2,19.35,21.6,24.05,1,0,2,0.5,-0.301029996,0.740055574,2682.3,,,,,1048,4,,,
2005,2,2.2,3.4,0,61.04910714,29.1,18.3,23.7,19.35,21.6,0,0,1,1,0,1,,,,,,,,,,
2005,3,160.3,2.2,3.4,66.68951613,32.2,22.4,27.3,23.7,19.35,0,0,1,1,0,1,,,,,,,,,,
2005,4,86.6,160.3,2.2,67.00416667,34.4,24.1,29.25,27.3,23.7,0,0,1,1,0,1,,,,,,,,,,
2005,5,293.7,86.6,160.3,74.43548387,33.2,24.2,28.7,29.25,27.3,0,0,1,3,0.477121255,1.611428826,,,,,,,,,,
2005,6,253.5,293.7,86.6,79.78333333,33.4,26.8,30.1,28.7,29.25,2,0,3,1.333333333,0.124938737,1.133079035,,,,,,,,,,
2005,7,541.9,253.5,293.7,81.60080645,31.5,25.8,28.65,30.1,28.7,3,0,4,43.75,1.640978057,5.160214028,,,,,,,,,,
2005,8,380.5,541.9,253.5,83.2983871,32.1,26.7,29.4,28.65,30.1,174,0,175,1.931428571,0.285878652,1.33093094,,,,,,,,,,
2005,9,629.4,380.5,541.9,82.1625,32.8,26,29.4,29.4,28.65,337,1,338,0.964497041,-0.0156991,0.984423489,,,,,,,,,,
2005,10,327.4,629.4,380.5,80.96774194,30.6,24.4,27.5,29.4,29.4,325,1,326,0.576687117,-0.239059751,0.787367835,,,,,,,,,,
2005,11,3,327.4,629.4,72.775,29.1,19.8,24.45,27.5,29.4,187,2,188,0.106382979,-0.973127854,0.377899174,,,,,,,,,,
2005,12,0.4,3,327.4,67.05645161,27.1,15.7,21.4,24.45,27.5,19,0,20,0.05,-1.301029996,0.272251231,,,,,,,,,,
2006,1,0,0.4,3,69.41532258,25.3,13.5,19.4,21.4,24.45,0,0,1,1,0,1,1968.8,,,,,2200,11,,,
2006,2,0,0,0.4,65.69196429,31.3,19.4,25.35,19.4,21.4,0,0,1,1,0,1,,,,,,,,,,
2006,3,0,0,0,54.33870968,33.2,21.9,27.55,25.35,19.4,0,0,1,1,0,1,,,,,,,,,,
2006,4,185.1,0,0,68.32916667,33.7,23.8,28.75,27.55,25.35,0,0,1,1,0,1,,,,,,,,,,
2006,5,208.4,185.1,0,73.12096774,33.8,25,29.4,28.75,27.55,0,0,1,101,2.004321374,7.421056066,,,,,,,,,,
2006,6,321.4,208.4,185.1,82.00416667,32.4,26.1,29.25,29.4,28.75,100,1,101,9.633663366,0.983791466,2.674577612,,,,,,,,,,
2006,7,328.9,321.4,208.4,80.43548387,32.4,26.7,29.55,29.25,29.4,972,1,973,0.699897225,-0.154965728,0.856444529,,,,,,,,,,
2006,8,174.6,328.9,321.4,77.68145161,32.5,26.5,29.5,29.55,29.25,680,1,681,0.311306902,-0.506811251,0.602413465,,,,,,,,,,
2006,9,656.3,174.6,328.9,81.17916667,31.9,25.8,28.85,29.5,29.55,211,6,212,0.688679245,-0.161983005,0.850455658,,,,,,,,,,
2006,10,88.8,656.3,174.6,76.66129032,32.3,24.7,28.5,28.85,29.5,145,1,146,0.636986301,-0.195869907,0.82211918,,,,,,,,,,
2006,11,5.3,88.8,656.3,68.7,29.7,19.9,24.8,28.5,28.85,92,1,93,0.010752688,-1.968482949,0.13966858,,,,,,,,,,
2006,12,0,5.3,88.8,69.65322581,26.9,15.8,21.35,24.8,28.5,0,0,1,1,0,1,,,,,,,,,,
2007,1,0,0,5.3,68.48790323,24.6,12.5,18.55,21.35,24.8,0,0,1,1,0,1,3039.7,,,,,466,0,,,
2007,2,29.6,0,0,69.47321429,27.1,16.8,21.95,18.55,21.35,0,0,1,1,0,1,,,,,,,,,,
2007,3,9.9,29.6,0,55.0766129,31.5,19.6,25.55,21.95,18.55,0,0,1,1,0,1,,,,,,,,,,
2007,4,172.3,9.9,29.6,70.01666667,33.7,23.7,28.7,25.55,21.95,0,0,1,1,0,1,,,,,,,,,,
2007,5,313.1,172.3,9.9,71.34274194,34.8,25.9,30.35,28.7,25.55,0,0,1,1,0,1,,,,,,,,,,
2007,6,631.4,313.1,172.3,81.47916667,32.5,25.5,29,30.35,28.7,0,0,1,86,1.934498451,6.920572179,,,,,,,,,,
2007,7,818.5,631.4,313.1,84.94758065,31.5,25.8,28.65,29,30.35,85,0,86,2.093023256,0.320774054,1.378194148,,,,,,,,,,
2007,8,471.2,818.5,631.4,80.75,32.5,26.4,29.45,28.65,29,179,0,180,0.911111111,-0.040428657,0.960377678,,,,,,,,,,
2007,9,177.6,471.2,818.5,80.51666667,32,26.5,29.25,29.45,28.65,163,0,164,0.243902439,-0.612783857,0.541840361,,,,,,,,,,
2007,10,317.8,177.6,471.2,78.77822581,31.5,23.8,27.65,29.25,29.45,39,0,40,0.025,-1.602059991,0.201481041,,,,,,,,,,
2007,11,98.3,317.8,177.6,78.03333333,29,19.9,24.45,27.65,29.25,0,0,1,1,0,1,,,,,,,,,,
2007,12,0,98.3,317.8,70.33870968,25.8,15,20.4,24.45,27.65,0,0,1,1,0,1,,,,,,,,,,
2008,1,22.7,0,98.3,70.22177419,24.5,14.5,19.5,20.4,24.45,0,0,1,1,0,1,2129.9,,,,,1151,0,,,
2008,2,55.7,22.7,0,62.15517241,26.1,15.2,20.65,19.5,20.4,0,0,1,1,0,1,,,,,,,,,,
2008,3,21.8,55.7,22.7,67.69758065,31.7,22,26.85,20.65,19.5,0,0,1,1,0,1,,,,,,,,,,
2008,4,91.4,21.8,55.7,65,34.5,24.5,29.5,26.85,20.65,0,0,1,1,0,1,,,,,,,,,,
2008,5,203.7,91.4,21.8,71.14516129,34.7,24.9,29.8,29.5,26.85,0,0,1,161,2.206825876,9.086827851,,,,,,,,,,
2008,6,415.2,203.7,91.4,80.9,32.5,26.3,29.4,29.8,29.5,160,0,161,2.956521739,0.470781077,1.6012444,,,,,,,,,,
2008,7,483.3,415.2,203.7,83.60887097,31.8,26.3,29.05,29.4,29.8,473,0,476,0.703781513,-0.152562146,0.85850554,,,,,,,,,,
2008,8,314.3,483.3,415.2,82.21774194,32.1,26.5,29.3,29.05,29.4,334,0,335,0.552238806,-0.257873079,0.772693297,,,,,,,,,,
2008,9,275.1,314.3,483.3,81.42083333,32.6,26.2,29.4,29.3,29.05,184,0,185,0.005405405,-2.267171728,0.103604789,,,,,,,,,,
2008,10,246.7,275.1,314.3,78.28629032,31.4,23.8,27.6,29.4,29.3,0,0,1,1,0,1,,,,,,,,,,
2008,11,0,246.7,275.1,69.9375,29.7,19,24.35,27.6,29.4,0,0,1,1,0,1,,,,,,,,,,
2008,12,0,0,246.7,79.76209677,25.6,16.9,21.25,24.35,27.6,0,0,1,1,0,1,,,,,,,,,,
2009,1,0,0,0,72.83467742,25.9,14.8,20.35,21.25,24.35,0,0,1,1,0,1,1930.5,,,,,472,0,,,
2009,2,1,0,0,55.4375,29.7,17.2,23.45,20.35,21.25,0,0,1,1,0,1,,,,,,,,,,
2009,3,48.5,1,0,53.84274194,33.3,21.4,27.35,23.45,20.35,0,0,1,1,0,1,,,,,,,,,,
2009,4,12.5,48.5,1,66.90833333,35.6,25.9,30.75,27.35,23.45,0,0,1,2,0.301029996,1.351249873,,,,,,,,,,
2009,5,168.3,12.5,48.5,72.66935484,34.6,25.2,29.9,30.75,27.35,1,0,2,0.5,-0.301029996,0.740055574,,,,,,,,,,
2009,6,203.2,168.3,12.5,75.16666667,34.5,26.7,30.6,29.9,30.75,0,0,1,5,0.698970004,2.011679618,,,,,,,,,,
2009,7,647.1,203.2,168.3,80.39919355,32.3,26.7,29.5,30.6,29.9,4,0,5,25.6,1.408239965,4.08875272,,,,,,,,,,
2009,8,475.5,647.1,203.2,82.6733871,32.5,26.3,29.4,29.5,30.6,125,0,128,1.4765625,0.169251835,1.184418379,,,,,,,,,,
2009,9,296.3,475.5,647.1,81.67916667,32.5,26.3,29.4,29.4,29.5,188,0,189,0.82010582,-0.086130106,0.917474854,,,,,,,,,,
2009,10,74.2,296.3,475.5,73.47580645,32.2,24.2,28.2,29.4,29.4,154,0,155,0.006451613,-2.190331698,0.111879632,,,,,,,,,,
2009,11,3.9,74.2,296.3,67.00416667,30.2,20.2,25.2,28.2,29.4,0,0,1,1,0,1,,,,,,,,,,
2009,12,0,3.9,74.2,70.11693548,26,15.4,20.7,25.2,28.2,0,0,1,1,0,1,,,,,,,,,,
2010,1,0,0,3.9,72.20564516,23.8,12.8,18.3,20.7,25.2,0,0,1,1,0,1,1518.3,,,,,409,0,,,
2010,2,47.9,0,0,57.35267857,28.9,16.2,22.55,18.3,20.7,0,0,1,1,0,1,,,,,,,,,,
2010,3,22.4,47.9,0,59.72580645,34.1,23.3,28.7,22.55,18.3,0,0,1,1,0,1,,,,,,,,,,
2010,4,37.6,22.4,47.9,67.70416667,35.5,26.4,30.95,28.7,22.55,0,0,1,1,0,1,,,,,,,,,,
2010,5,203.7,37.6,22.4,72.01612903,34.3,25.9,30.1,30.95,28.7,0,0,1,1,0,1,,,,,,,,,,
2010,6,278.2,203.7,37.6,79.77916667,33.1,26.7,29.9,30.1,30.95,0,0,1,36,1.556302501,4.741257998,,,,,,,,,,
2010,7,180.8,278.2,203.7,77.47580645,33,27.4,30.2,29.9,30.1,35,0,36,5.111111111,0.708515322,2.030973677,,,,,,,,,,
2010,8,324.7,180.8,278.2,79.28225806,33.1,27.1,30.1,30.2,29.9,183,0,184,0.902173913,-0.044709735,0.956275015,,,,,,,,,,
2010,9,172.6,324.7,180.8,80.11666667,32.5,26.6,29.55,30.1,30.2,165,0,166,0.13253012,-0.877685407,0.415744077,,,,,,,,,,
2010,10,168.8,172.6,324.7,75.31854839,32.4,25.1,28.75,29.55,30.1,21,0,22,0.272727273,-0.56427143,0.568774388,,,,,,,,,,
2010,11,0.6,168.8,172.6,69.425,30.1,20.9,25.5,28.75,29.55,5,0,6,0.166666667,-0.77815125,0.459254273,,,,,,,,,,
2010,12,81,0.6,168.8,66.49193548,26.1,15.5,20.8,25.5,28.75,0,0,1,1,0,1,,,,,,,,,,
2011,1,0,81,0.6,69.65725806,23.4,12.2,17.8,20.8,25.5,0,0,1,1,0,1,1780.1,,,,,1359,6,219833,616,0.002802127
2011,2,0,0,81,55.19642857,28.7,16.9,22.8,17.8,20.8,0,0,1,1,0,1,,,,,,,,,,
2011,3,31.8,0,0,58.11290323,32.1,21.5,26.8,22.8,17.8,0,0,1,1,0,1,,,,,,,,,,
2011,4,111.8,31.8,0,65.31666667,33.5,23.2,28.35,26.8,22.8,0,0,1,1,0,1,,,,,,,,,,
2011,5,280.4,111.8,31.8,76.56451613,33.4,24.6,29,28.35,26.8,0,0,1,62,1.792391689,6.003794518,,,,,,,,,,
2011,6,302.9,280.4,111.8,81.35416667,32.6,26.3,29.45,29,28.35,61,0,62,4.129032258,0.615848276,1.851226285,,,,,,,,,,
2011,7,323.4,302.9,280.4,79.58870968,32.3,26.7,29.5,29.45,29,255,1,256,2.703125,0.431866129,1.540128923,,,,,,,,,,
2011,8,410.4,323.4,302.9,83.26612903,31.1,26.5,28.8,29.5,29.45,691,4,692,0.280346821,-0.552304365,0.575621838,,,,,,,,,,
2011,9,208.6,410.4,323.4,77.68333333,32.4,26.4,29.4,28.8,29.5,193,1,194,0.592783505,-0.22710389,0.796837994,,,,,,,,,,
2011,10,110.8,208.6,410.4,74.00806452,32.7,24.7,28.7,29.4,28.8,114,0,115,0.32173913,-0.492496116,0.611099115,,,,,,,,,,
2011,11,0,110.8,208.6,68.31666667,29.7,19.2,24.45,28.7,29.4,36,0,37,0.27027027,-0.568201724,0.566543324,,,,,,,,,,
2011,12,0,0,110.8,73.96370968,25,15,20,24.45,28.7,9,0,10,0.1,-1,0.367879441,,,,,,,,,,
2012,1,10,0,0,66.70967742,24.1,14.5,19.3,20,24.45,0,0,1,1,0,1,1325.2,,,,,641,1,,,
2012,2,1.2,10,0,52.50862069,28.5,16,22.25,19.3,20,0,0,1,1,0,1,,,,,,,,,,
2012,3,36.6,1.2,10,58.18145161,33,22.1,27.55,22.25,19.3,0,0,1,1,0,1,,,,,,,,,,
2012,4,269.7,36.6,1.2,70.15416667,33.5,23.7,28.6,27.55,22.25,0,0,1,1,0,1,,,,,,,,,,
2012,5,138.9,269.7,36.6,70.72580645,34.6,25.8,30.2,28.6,27.55,0,0,1,17,1.230448921,3.422765743,,,,,,,,,,
2012,6,190.1,138.9,269.7,78.08333333,33.2,26.9,30.05,30.2,28.6,10,0,17,6.411764706,0.806977577,2.241124115,,,,,,,,,,
2012,7,219.2,190.1,138.9,79.98387097,32.6,26.7,29.65,30.05,30.2,129,0,109,1.275229358,0.105588302,1.111364236,,,,,,,,,,
2012,8,269,219.2,190.1,79.35483871,32.6,26.6,29.6,29.65,30.05,122,0,139,1.892086331,0.276940948,1.319088474,,,,,,,,,,
2012,9,80.5,269,219.2,79.63333333,32.9,26.8,29.85,29.6,29.65,246,0,263,0.346007605,-0.460914356,0.630706691,,,,,,,,,,
2012,10,36.8,80.5,269,72.17741935,32.3,24.3,28.3,29.85,29.6,107,0,91,0.637362637,-0.195613399,0.822330087,,,,,,,,,,
2012,11,67.8,36.8,80.5,68.47916667,28.7,19.1,23.9,28.3,29.85,27,1,58,0.017241379,-1.763427994,0.171456105,,,,,,,,,,
2012,12,5.4,67.8,36.8,77.53225806,24,14.5,19.25,23.9,28.3,0,0,1,1,0,1,,,,,,,,,,
2013,1,0.2,5.4,67.8,65.73790323,24.2,12.3,18.25,19.25,23.9,0,0,1,1,0,1,1592.5,,,,,1749,2,,,
2013,2,8.2,0.2,5.4,56.29910714,28.9,17.5,23.2,18.25,19.25,0,0,1,1,0,1,,,,,,,,,,
2013,3,26.6,8.2,0.2,55.91935484,33.4,22.1,27.75,23.2,18.25,0,0,1,1,0,1,,,,,,,,,,
2013,4,33.1,26.6,8.2,64.29583333,34.2,24.4,29.3,27.75,23.2,0,0,1,5,0.698970004,2.011679618,,,,,,,,,,
2013,5,390.3,33.1,26.6,79.50806452,31.7,24.8,28.25,29.3,27.75,4,0,5,9,0.954242509,2.596702859,,,,,,,,,,
2013,6,319.4,390.3,33.1,77.32916667,33.7,27.2,30.45,28.25,29.3,44,0,45,4.911111111,0.69117976,1.996069027,,,,,,,,,,
2013,7,296.4,319.4,390.3,77.95967742,32.7,27,29.85,30.45,28.25,220,0,221,1.601809955,0.204610988,1.227047636,,,,,,,,,,
2013,8,222.2,296.4,319.4,81.26612903,32,26.2,29.1,29.85,30.45,353,1,354,1.401129944,0.146478414,1.157749939,,,,,,,,,,
2013,9,168.4,222.2,296.4,81.8625,32.6,26.3,29.45,29.1,29.85,495,1,496,0.733870968,-0.134380293,0.874257527,,,,,,,,,,
2013,10,123.7,168.4,222.2,79.41129032,31.5,24.4,27.95,29.45,29.1,363,0,364,0.585164835,-0.23272178,0.792373997,,,,,,,,,,
2013,11,0,123.7,168.4,67.27083333,30.2,18.5,24.35,27.95,29.45,212,0,213,0.276995305,-0.557527592,0.572623073,,,,,,,,,,
2013,12,4,0,123.7,73.34677419,26.3,15.6,20.95,24.35,27.95,58,0,59,0.271186441,-0.566732029,0.567376583,,,,,,,,,,
2014,1,0,4,0,73.19758065,24.3,13.7,19,20.95,24.35,15,0,16,0.5,-0.301029996,0.740055574,1393.6,,,,,375,0,,,
2014,2,12.2,0,4,62.4375,27.2,15.8,21.5,19,20.95,7,0,8,0.375,-0.425968732,0.653136764,,,,,,,,,,
2014,3,10.3,12.2,0,52.73790323,32.4,20.6,26.5,21.5,19,2,0,3,0.333333333,-0.477121255,0.620567278,,,,,,,,,,
2014,4,80.3,10.3,12.2,56.55,36.4,25.1,30.75,26.5,21.5,0,0,1,9,0.954242509,2.596702859,,,,,,,,,,
2014,5,150,80.3,10.3,69.37096774,35.2,26.7,30.95,30.75,26.5,8,0,9,1.111111111,0.045757491,1.046820517,,,,,,,,,,
2014,6,337.5,150,80.3,78.32916667,33.2,26.5,29.85,30.95,30.75,9,0,10,8.3,0.919078092,2.506978121,,,,,,,,,,
2014,7,211.2,337.5,150,77.63306452,32.9,26.9,29.9,29.85,30.95,82,0,83,0.975903614,-0.010593073,0.989462836,,,,,,,,,,
2014,8,389.4,211.2,337.5,82.7016129,32.2,26.3,29.25,29.9,29.85,80,0,81,0.950617284,-0.021994294,0.978245817,,,,,,,,,,
2014,9,153.9,389.4,211.2,77.1,32.9,26.5,29.7,29.25,29.9,76,0,77,0.831168831,-0.080310751,0.922829532,,,,,,,,,,
2014,10,48.8,153.9,389.4,72.68548387,32.2,24,28.1,29.7,29.25,63,0,64,0.359375,-0.444452138,0.641175455,,,,,,,,,,
2014,11,0,48.8,153.9,67.3,30.2,19.7,24.95,28.1,29.7,22,0,23,0.52173913,-0.28254659,0.753861519,,,,,,,,,,
2014,12,0,0,48.8,78.22177419,24.5,15.1,19.8,24.95,28.1,11,0,12,0.083333333,-1.079181246,0.339873685,,,,,,,,,,
2015,1,3.2,0,0,71.10483871,24.8,14.6,19.7,19.8,24.95,0,0,1,1,0,1,2162.1,,,,,3162,6,,,
2015,2,17.6,3.2,0,63.68303571,28.4,17,22.7,19.7,19.8,0,0,1,3,0.477121255,1.611428826,,,,,,,,,,
2015,3,4.2,17.6,3.2,53.29032258,32.1,20.7,26.4,22.7,19.7,2,0,3,2.333333333,0.367976785,1.444808497,,,,,,,,,,
2015,4,167,4.2,17.6,68.825,32.8,23.4,28.1,26.4,22.7,6,0,7,1.571428571,0.196294645,1.216885402,,,,,,,,,,
2015,5,184.3,167,4.2,71.67741935,34.1,25.5,29.8,28.1,26.4,10,0,11,2.636363636,0.421005313,1.523492373,,,,,,,,,,
2015,6,373.3,184.3,167,78.075,32.7,26.7,29.7,29.8,28.1,28,1,29,5.931034483,0.773130449,2.166537885,,,,,,,,,,
2015,7,694.4,373.3,184.3,82.25403226,31.7,26.1,28.9,29.7,29.8,171,2,172,4.453488372,0.648700323,1.913052862,,,,,,,,,,
2015,8,329.9,694.4,373.3,80.18951613,32.6,26.9,29.75,28.9,29.7,765,1,766,1.261096606,0.100748357,1.10599829,,,,,,,,,,
2015,9,336.5,329.9,694.4,78.94583333,32.9,26.1,29.5,29.75,28.9,965,0,966,0.900621118,-0.045457874,0.955559856,,,,,,,,,,
2015,10,50.3,336.5,329.9,73.75403226,32.4,24.2,28.3,29.5,29.75,869,0,870,0.312643678,-0.504950349,0.603535541,,,,,,,,,,
2015,11,0,50.3,336.5,70.025,30.2,19.9,25.05,28.3,29.5,271,2,272,0.279411765,-0.553755312,0.574787247,,,,,,,,,,
2015,12,1.4,0,50.3,69.05241935,25.9,16.3,21.1,25.05,28.3,75,0,76,0.184210526,-0.734685557,0.47965626,,,,,,,,,,
2016,1,2.8,1.4,0,69.31048387,24.9,14.2,19.55,21.1,25.05,13,0,14,0.285714286,-0.544068044,0.580382422,1360,,,,,6060,14,,,
2016,2,12.2,2.8,1.4,63.94827586,29.8,19.1,24.45,19.55,21.1,3,0,4,4.5,0.653212514,1.921704426,,,,,,,,,,
2016,3,76.2,12.2,2.8,60.0766129,33.1,22.6,27.85,24.45,19.55,17,0,18,2.166666667,0.335792102,1.399048135,,,,,,,,,,
2016,4,34.3,76.2,12.2,72.85,35.1,26.9,31,27.85,24.45,38,0,39,1.820512821,0.260193742,1.297181381,,,,,,,,,,
2016,5,213.1,34.3,76.2,74.90322581,33.7,24.9,29.3,31,27.85,70,0,71,3.591549296,0.555281832,1.742431989,,,,,,,,,,
2016,6,210.8,213.1,34.3,76.07083333,33.9,27,30.45,29.3,31,254,1,255,3.635294118,0.560539554,1.751617338,,,,,,,,,,
2016,7,401.5,210.8,213.1,83.14112903,32.2,26.5,29.35,30.45,29.3,926,2,927,1.566343042,0.194886882,1.215173521,,,,,,,,,,
2016,8,169.9,401.5,210.8,78.15725806,33.3,26.8,30.05,29.35,30.45,1451,1,1452,1.064049587,0.026961867,1.027328627,,,,,,,,,,
2016,9,138.5,169.9,401.5,82.5375,32.9,26.6,29.75,30.05,29.35,1544,3,1545,0.697734628,-0.156309723,0.855294245,,,,,,,,,,
2016,10,76.6,138.5,169.9,75.19758065,33.1,25.3,29.2,29.75,30.05,1077,3,1078,0.485157699,-0.314117072,0.73043351,,,,,,,,,,
2016,11,24.1,76.6,138.5,73.39583333,29.6,20.2,24.9,29.2,29.75,522,2,523,0.2791587,-0.554148833,0.574561101,,,,,,,,,,
2016,12,0,24.1,76.6,72.71370968,27.8,17,22.4,24.9,29.2,145,2,146,0.636986301,-0.195869907,0.82211918,,,,,,,,,,
2017,1,0,0,24.1,63.21370968,26.4,14.9,20.65,22.4,24.9,92,0,93,0.634408602,-0.197630937,0.820672677,2892.6,,,,,2769,8,,,
2017,2,2.4,0,0,57.64732143,29.6,17.6,23.6,20.65,22.4,58,0,59,0.627118644,-0.202650288,0.816563754,,,,,,,,,,
2017,3,100.3,2.4,0,67.57258065,30.5,20.4,25.45,23.6,20.65,36,0,37,2,0.301029996,1.351249873,,,,,,,,,,
2017,4,229.7,100.3,2.4,73.37916667,32.8,23.9,28.35,25.45,23.6,73,0,74,1.824324324,0.261102049,1.298360155,,,,,,,,,,
2017,5,202.3,229.7,100.3,73.63709677,34.5,25.9,30.2,28.35,25.45,134,0,135,1.985185185,0.297801026,1.346893764,,,,,,,,,,
2017,6,396.1,202.3,229.7,80.63333333,33,26.5,29.75,30.2,28.35,267,1,268,1.070895522,0.029747103,1.030193968,,,,,,,,,,
2017,7,584.8,396.1,202.3,84.25403226,32,26.5,29.25,29.75,30.2,286,2,287,1.209059233,0.082447578,1.085941745,,,,,,,,,,
2017,8,573.5,584.8,396.1,83.53225806,32.6,26.7,29.65,29.25,29.75,346,1,347,1.242074928,0.094147795,1.09872212,,,,,,,,,,
2017,9,383.3,573.5,584.8,82.6625,33.1,26.9,30,29.65,29.25,430,1,431,1.19025522,0.075640095,1.07857432,,,,,,,,,,
2017,10,381.3,383.3,573.5,80.2983871,32,24.8,28.4,30,29.65,512,0,513,0.799220273,-0.097333508,0.907253379,,,,,,,,,,
2017,11,5.8,381.3,383.3,68.13333333,30.2,20.6,25.4,28.4,30,409,3,410,0.309756098,-0.508980136,0.601108315,,,,,,,,,,
2017,12,33.1,5.8,381.3,77.05645161,26.8,17.1,21.95,25.4,28.4,126,0,127,0.212598425,-0.672439957,0.510461553,,,,,,,,,,
2018,1,0,33.1,5.8,69.39919355,23.6,12.6,18.1,21.95,25.4,26,0,27,0.296296296,-0.528273777,0.589621911,1736.9,,,,,10148,26,,,
2018,2,20.2,0,33.1,62.12053571,29.2,18.1,23.65,18.1,21.95,7,0,8,2.5,0.397940009,1.488754715,,,,,,,,,,
2018,3,17.2,20.2,0,60.15725806,33.3,22.3,27.8,23.65,18.1,19,0,20,1.5,0.176091259,1.192546884,,,,,,,,,,
2018,4,327.8,17.2,20.2,70.04166667,33,22.5,27.75,27.8,23.65,29,0,30,1.766666667,0.247154615,1.280377063,,,,,,,,,,
2018,5,441,327.8,17.2,79.625,32.3,24.1,28.2,27.75,27.8,52,0,53,5.58490566,0.747015841,2.110691969,,,,,,,,,,
2018,6,284.9,441,327.8,81.95416667,33.5,26.2,29.85,28.2,27.75,295,0,296,3.199324324,0.505058268,1.657082073,,,,,,,,,,
2018,7,358.8,284.9,441,82.2016129,32.8,26.7,29.75,29.85,28.2,946,0,947,1.897571278,0.278198098,1.320747809,,,,,,,,,,
2018,8,141.7,358.8,284.9,78.48790323,33.8,27.1,30.45,29.75,29.85,1796,0,1797,1.718419588,0.235129215,1.265072224,,,,,,,,,,
2018,9,75.9,141.7,358.8,77.725,34.1,27,30.55,30.45,29.75,3087,3,3088,0.779468912,-0.108201201,0.897447011,,,,,,,,,,
2018,10,44.3,75.9,141.7,72.72177419,32,23.6,27.8,30.55,30.45,2406,5,2407,0.495637723,-0.304835647,0.737244533,,,,,,,,,,
2018,11,13,44.3,75.9,69.0375,30.3,19.8,25.05,27.8,30.55,1192,8,1193,0.246437552,-0.608293113,0.5442791,,,,,,,,,,
2018,12,12.1,13,44.3,66.50806452,26.1,16.2,21.15,25.05,27.8,293,10,294,0.132653061,-0.877282723,0.415911524,,,,,,,,,,
2019,1,0.9,12.1,13,60.31451613,27.2,14.6,20.9,21.15,25.05,38,0,39,0.487179487,-0.312311006,0.731753913,1842.1,,,,,101354,164,,,
2019,2,120.8,0.9,12.1,63.57589286,28.3,16.9,22.6,20.9,21.15,18,0,19,0.947368421,-0.023481096,0.97679244,,,,,,,,,,
2019,3,51.8,120.8,0.9,62.10483871,31.5,21.1,26.3,22.6,20.9,17,0,18,3.277777778,0.515579507,1.674608668,,,,,,,,,,
2019,4,194.5,51.8,120.8,70.2125,33.7,23.6,28.65,26.3,22.6,58,2,59,3.288135593,0.516949718,1.676904808,,,,,,,,,,
2019,5,235.2,194.5,51.8,73.62903226,34.6,25.6,30.1,28.65,26.3,193,0,194,9.716494845,0.987509625,2.684540628,,,,,,,,,,
2019,6,260.2,235.2,194.5,79.35833333,33.6,26.6,30.1,30.1,28.65,1884,6,1885,8.622811671,0.935648901,2.548866883,,,,,,,,,,
2019,7,368.6,260.2,235.2,82.71774194,33,26.9,29.95,30.1,30.1,16253,35,16254,3.238402855,0.510330874,1.665842288,,,,,,,,,,
2019,8,217.5,368.6,260.2,79.43145161,33.8,27.2,30.5,29.95,30.1,52636,83,52637,0.320250014,-0.494510842,0.609869157,,,,,,,,,,
2019,9,162.3,217.5,368.6,81.0375,33.3,26.5,29.9,30.5,29.95,16856,25,16857,0.483122738,-0.315942522,0.729101356,,,,,,,,,,
2019,10,188.5,162.3,217.5,78.61693548,32.1,24.4,28.25,29.9,30.5,8143,11,8144,0.492632613,-0.307476841,0.735299896,,,,,,,,,,
2019,11,36.6,188.5,162.3,75.24166667,30.3,20.8,25.55,28.25,29.9,4011,2,4012,0.3110668,-0.507146339,0.602211637,,,,,,,,,,
2019,12,5.2,36.6,188.5,74.91532258,24.8,15.4,20.1,25.55,28.25,1247,0,1248,0.16025641,-0.79518459,0.451497885,,,,,,,,,,
2020,1,20.1,5.2,36.6,77.00806452,24,14.4,19.2,20.1,25.55,199,0,200,0.23,-0.638272164,0.528204286,1917.5,,,,,1405,3,,,
2020,2,1.2,20.1,5.2,59.93534483,27.4,16.3,21.85,19.2,20.1,45,0,46,0.608695652,-0.2155998,0.806057822,,,,,,,,,,
2020,3,29.5,1.2,20.1,57.83870968,32.3,20.9,26.6,21.85,19.2,27,0,28,0.928571429,-0.032184683,0.968327732,,,,,,,,,,
2020,4,127.1,29.5,1.2,72.86666667,33.8,23.6,28.7,26.6,21.85,25,0,26,0.423076923,-0.373580663,0.688265466,,,,,,,,,,
2020,5,300.5,127.1,29.5,80.88709677,33.4,24.8,29.1,28.7,26.6,10,0,11,1.909090909,0.28082661,1.324223977,,,,,,,,,,
2020,6,270.3,300.5,127.1,82.02083333,33.4,26.8,30.1,29.1,28.7,20,0,21,1.142857143,0.057991947,1.059706462,,,,,,,,,,
2020,7,402.3,270.3,300.5,85.63306452,33,27.1,30.05,30.1,29.1,23,0,24,2.875,0.458637849,1.581917706,,,,,,,,,,
2020,8,286.2,402.3,270.3,85.01612903,32.9,27.2,30.05,30.05,30.1,68,0,69,0.695652174,-0.157607853,0.854184682,,,,,,,,,,
2020,9,139.2,286.2,402.3,82.075,33.5,27.3,30.4,30.05,30.05,47,1,48,3.4375,0.536242707,1.709571419,,,,,,,,,,
2020,10,302.3,139.2,286.2,82.30241935,33.2,25.8,29.5,30.4,30.05,164,1,165,3.315151515,0.520503382,1.682874565,,,,,,,,,,
2020,11,38.8,302.3,139.2,69.87916667,30.8,20.2,25.5,29.5,30.4,546,1,547,0.424131627,-0.372499341,0.689010106,,,,,,,,,,
2020,12,0,38.8,302.3,74.24193548,26,16,21,25.5,29.5,231,0,232,0.142241379,-0.846974045,0.428710229,,,,,,,,,,
2021,1,0.4,0,38.8,72.90725806,25.6,14.8,20.2,21,25.5,32,0,33,0.303030303,-0.51851394,0.595404698,1870.4,,,,,28429,105,,,
2021,2,0,0.4,0,61.08482143,29.5,17,23.25,20.2,21,9,0,10,1.4,0.146128036,1.15734436,,,,,,,,,,
2021,3,2.8,0,0.4,58.30645161,34.5,23.2,28.85,23.25,20.2,13,0,14,0.285714286,-0.544068044,0.580382422,,,,,,,,,,
2021,4,39.4,2.8,0,61.31666667,36.1,25.3,30.7,28.85,23.25,3,0,4,11,1.041392685,2.833159967,,,,,,,,,,
2021,5,233.6,39.4,2.8,70.26612903,35,26,30.5,30.7,28.85,43,0,44,6.204545455,0.792709971,2.209375665,,,,,,,,,,
2021,6,546.5,233.6,39.4,83.6125,32.5,25.9,29.2,30.5,30.7,272,0,273,8.377289377,0.923103518,2.517090115,,,,,,,,,,
2021,7,319.7,546.5,233.6,83.29032258,32.8,26.7,29.75,29.2,30.5,2286,12,2287,3.366418889,0.527168155,1.694128001,,,,,,,,,,
2021,8,244.4,319.7,546.5,83.76612903,33.2,26.7,29.95,29.75,29.2,7698,34,7699,1.018573841,0.007992518,1.008024543,,,,,,,,,,
2021,9,138.7,244.4,319.7,80.49583333,33.9,26.7,30.3,29.95,29.75,7841,23,7842,0.696123438,-0.157313744,0.854435943,,,,,,,,,,
2021,10,166.4,138.7,244.4,77.79435484,33.5,25.6,29.55,30.3,29.95,5458,22,5459,0.65359956,-0.184688249,0.831363422,,,,,,,,,,
2021,11,26.1,166.4,138.7,69.175,30,19.6,24.8,29.55,30.3,3567,7,3568,0.338565022,-0.470357911,0.624778613,,,,,,,,,,
2021,12,152.4,26.1,166.4,73.20967742,26.5,17.1,21.8,24.8,29.55,1207,7,1208,0.10513245,-0.978263213,0.375963501,,,,,,,,,,
2022,1,12,152.4,26.1,72.27419355,25.1,15.3,20.2,21.8,24.8,126,0,127,0.165354331,-0.781584426,0.457680276,1301,,,,,62382,281,,,
2022,2,20,12,152.4,63.25446429,27.1,16.1,21.6,20.2,21.8,20,0,21,1,0,1,,,,,,,,,,
2022,3,14,20,12,56.26209677,33.9,23,28.45,21.6,20.2,20,0,21,1.142857143,0.057991947,1.059706462,,,,,,,,,,
2022,4,106,14,20,72.45,34.1,26,30.05,28.45,21.6,23,0,24,6.833333333,0.834632606,2.303967429,,,,,,,,,,
2022,5,217,106,14,75.74596774,33.5,25.4,29.45,30.05,28.45,163,0,164,4.5,0.653212514,1.921704426,,,,,,,,,,
2022,6,168,217,106,79.67916667,33.4,27,30.2,29.45,30.05,737,1,738,2.130081301,0.32839618,1.388739054,,,,,,,,,,
2022,7,51,168,217,75.36693548,34.3,27.7,31,30.2,29.45,1571,9,1572,2.240458015,0.35033681,1.419545585,,,,,,,,,,
2022,8,130,51,168,80.64,34.2,27.4,30.8,31,30.2,3521,11,3522,2.814310051,0.449371942,1.567327504,,,,,,,,,,
2022,9,282,130,51,86.19,33.2,26.7,29.95,30.8,31,9911,34,9912,2.212772397,0.344936745,1.411900607,,,,,,,,,,
2022,10,297,282,130,84.43,32.7,24.9,28.8,29.95,30.8,21932,86,21933,0.881548352,-0.054753862,0.946718143,,,,,,,,,,
2022,11,0,297,282,78.11,31,20.8,25.9,28.8,29.95,19334,113,19335,0.259891389,-0.58520811,0.556989935,,,,,,,,,,
2022,12,4,0,297,69.41,27.4,17.2,22.3,25.9,28.8,5024,27,5025,0,,,,,,,,,,,,
,,,,,,,,,,,,,,,,,,,,,,,,,,
,,,,,,,,,,,,,,,,,,,,,,,,,,
,,,,,,,,,,,,,,,,,,,,,,,,,,
,,,,,,,,,,,,,,,,,,,,,,,,,,
,,,,,,,,,,,,,,,,,,,,,,,,,,
,,,,,,,,,,,,,,,,,,,,,,,,,,
,,,,,,,,,,,,,,,,,,,,,,,,,,
,,,,,,,,,,,,,,,,,,,,,,,,,,
,,,,,,,,,,,,,,,,,,,,,,,,,,
,,,,,,,,,,,,,,,,,,,,,,,,,,
,,,,,,,,,,,,,,,,,,,,,,,,,,
,,,,,,,,,,,,,,,,,,,,,,,,,,
